{"cameraMode":{"drawMode":0,"name":"Shaded","section":"Shading Mode"},"sceneLighting":true,"audioPlay":false,"sceneViewState":{"showFog":true,"showMaterialUpdate":false,"showSkybox":true,"showFlares":true,"showImageEffects":true,"showParticleSystems":true},"in2DMode":false,"pivot":{"x":4.231204986572266,"y":-2.9768426418304445,"z":-6.7707319259643559},"rotation":{"x":0.11077181249856949,"y":0.8479679226875305,"z":-0.19569872319698335,"w":0.47998127341270449},"size":13.24742603302002,"orthographic":false}